id,severity,module,title,disposition,files,test_evidence,notes,part
PRC-M005,medium,app-admin-console,"No tests for server actions, middleware, gateway fallback; authenticated e2e is skipped and cannot log in",PARTIAL,apps/admin-console (no change),n/a,"Server-action/middleware/gateway-fallback unit tests already exist (PR1). Authenticated e2e still test.skip on BACKEND_READY and no CI role-matrix login e2e; gateway per-area role denial untested — requires a seeded backend + CI e2e, out of reach this session.",p2a_web
PRC-M464,medium,app-admin-console,"Session lifecycle: refresh token never used, logout does not revoke upstream, no MFA/lockout on platform login",OPEN,apps/admin-console/src/app/api/auth/logout/route.ts (no change),n/a,"Session lifecycle: upstream logout revoke, MFA on platform login, refresh-token use, sameSite strict. Each is an auth-flow change requiring the external auth-service contract; not safely implementable in-repo this session. Carried OPEN.",p2a_web
PRC-L527,low,app-admin-console,List endpoints unpaginated; gatewayFetch has no timeout; bearer forwarded to any absolute URL,PARTIAL,apps/admin-console/src/lib/api/gateway.ts (+ gateway.test.ts),vitest admin-console gateway.test.ts (8) green,Added AbortSignal.timeout (default 15s) to gatewayFetch; timeout maps to GATEWAY_TIMEOUT envelope. Bearer-leak path and absolute-URL rejection already closed. List-endpoint pagination (page/limit) still OPEN — a broader list-API change.,p2a_web
PRC-L203,low,app-admin-console,Hosting-region list has no India region; region strings unvalidated downstream,FULLY_CLOSED,apps/admin-console/src/lib/hosting-regions.ts; apps/admin-console/src/lib/display.test.ts,vitest admin-console display.test.ts (5) green,Added India (ap-south-1) hosting region as primary. Region string already validated downstream via z.enum(HOSTING_REGION_VALUES) in tenants/actions.ts.,p2a_web
PRC-L202,low,app-admin-console,"UI authorization relies on an unsigned, client-held JWT payload; tenantId=platform not enforced; dashboard has no role check",PARTIAL,apps/admin-console/src/lib/* (no change this PR),n/a,JWT signature/issuer/audience verification (jose/JWKS) in the console shell is a sizeable auth change needing JWKS wiring; gateway still verifies so exposure is UI-shell only. Left OPEN rather than adding an unverified JWKS path. Carried from input PARTIAL.,p2a_web
PRC-M029,medium,app-developer-portal,"Developer portal landing page advertises capabilities that do not exist (sandbox tenants, GitHub sign-in, key rotation, 240+ endpoints, /v3 API) and contradicts its own honesty banners",FULLY_CLOSED,apps/developer-portal/src/app/page.tsx (+ page.test.ts),vitest developer-portal page.test.ts (5) green,"Removed 240+ endpoints claim, /v3 API, GitHub sign-in, self-serve sandbox and downtime-free key rotation; sandbox tenants labelled 'planned'; curl example uses /v1; DPDP claim softened.",p2a_web
PRC-L399,low,app-developer-portal,Developer portal (portal) layout and sidebar link to four routes that do not exist; the layout wraps no pages,OPEN,apps/developer-portal/src/components/layout/sidebar.tsx (no change),n/a,(portal) layout/sidebar/header link four non-existent routes and wrap no pages. Deleting the dead layout or building routes is a cleanup not completed this session.,p2a_web
PRC-L400,low,app-install-wizard,No tests for install-wizard route handlers (CSRF/token/lock) or for etl-worker pipeline routes,OPEN,apps/install-wizard; apps/etl-worker (no change),n/a,Route-handler tests for assertInstallSecurity (CSRF/token/lock) and etl-worker tenant-context tests — test-authoring task not completed this session.,p2a_web
PRC-M467,medium,app-install-wizard,"Install endpoints have no operator authentication and the 'one-time lock' is per-session, so a fresh session bypasses it",PARTIAL,apps/install-wizard/src/lib/bootstrap-lock.ts (no change),n/a,"authHeaders() + CSRF validation already landed (PR1). Lock/installed state is still per-session in-memory (globalThis Map) with no persisted global 'installed' flag and unauthenticated /session creation; a persisted-lock + bootstrap-secret gate is a security change needing storage, not done this session.",p2a_web
PRC-L005,low,app-install-wizard,Install session store grows without bound and never expires ('expired' error path is unreachable),OPEN,apps/install-wizard/src/lib/bootstrap-lock.ts (no change),n/a,In-memory session map grows unbounded / never expires; needs TTL+eviction and createdAt-based expiry. Not completed this session (same module as M467).,p2a_web
PRC-L403,low,app-public-website,No unit/route tests for POST /api/contact handler; e2e uses next dev and contact E2E gate depends on env,OPEN,apps/public-website/src/app/api/contact/route.ts (no change),n/a,Unit/route test for POST /api/contact (400/429/202/webhook-failure) + run e2e against next start — test-authoring task not completed this session.,p2a_web
PRC-L404,low,app-public-website,Capture script writes to hard-coded /opt/cursor path and swallows per-route failures with exit code 0,OPEN,apps/public-website/scripts/capture-multidevice.mjs (no change),n/a,Capture script hard-codes /opt/cursor and exits 0 on per-route failure; set exitCode + repo-relative out dir. Scripts change not completed this session.,p2a_web
PRC-L216,low,app-public-website,"Contact rate limit keys on client-supplied X-Forwarded-For first hop (spoofable) and falls back to shared ""unknown"" bucket",PARTIAL,apps/public-website/src/app/api/contact/route.ts (no change),n/a,"resolveClientKey + same-origin/content-type/body-limit already landed (PR1). Rate-limit key still from X-Forwarded-For first hop with 'unknown' fallback; a trusted-hop/edge-enforcement change needs infra context, not done this session.",p2a_web
PRC-L223,low,app-public-website,"Dockerfile does not copy or document runtime env (CONTACT_WEBHOOK_URL, STATUS_PROBE_*), healthcheck is shallow",PARTIAL,apps/public-website/src/app/api/health/route.ts; Dockerfile (no change),n/a,Health still reports a static status and does not surface CONTACT_WEBHOOK_URL/STATUS_PROBE_* config; Dockerfile base image not digest-pinned. Config-reporting health + Docker change not completed this session.,p2a_web
PRC-M472,medium,app-public-website,"Homepage presents fabricated metrics (24,812 students, 142 schools live) as real pilot data",FULLY_CLOSED,apps/public-website/src/app/page.tsx (+ page.honesty.test.tsx),vitest public-website page.honesty.test.tsx (1) green; full suite 57 green,"Fabricated metrics band (24,812 / 142 / 96.4%) replaced with honest capability statements; decorative mockup numbers neutralised to '—'.",p2a_web
PRC-L224,low,app-registration-portal,Idempotency key reused for edited payload; no reconciliation of changed data after failed submit,PARTIAL,apps/registration-portal/src/.../review-step.tsx (no change),n/a,Backend rejects reused idempotency key with 409 (no data loss). Client still reuses draft.submissionKey after edit; rotating the key on edit/success + a specific 409 message is a client change not completed this session.,p2a_web
PRC-M568,medium,app-registration-portal,Registration e2e proves only that pages render; live submit/track journeys are skipped by default,PARTIAL,apps/registration-portal/e2e (no change),n/a,"Smoke + axe specs exist; live submit->track journey still test.skip(!BACKEND_READY) and not run in CI with a seeded tenant — requires backend + CI wiring, out of reach this session.",p2a_web
PRC-L225,low,app-registration-portal,Track lookup redirect builds Location from request.url (proxy-internal origin) and cookie lacks __Ho,PARTIAL,apps/registration-portal/src/app/track/lookup/route.ts (no change),n/a,Cookie httpOnly/sameSite/secure already set (PR1). Redirect Location still built from request.url; building from PUBLIC_URL/x-forwarded-host + __Host- prefix/short maxAge not done this session.,p2a_web
PRC-L226,low,app-registration-portal,Status conveyed by icon/colour badge; DocumentUpload label not bound to input; map tiles/markers loa,PARTIAL,apps/registration-portal/src/.../status-card.tsx (no change),n/a,"Badge has a text label (not colour-only). Timeline sr-only step state, DocumentUpload label htmlFor binding, and map-tile privacy note remain. Not completed this session.",p2a_web
PRC-M484,medium,app-web,"Parent 'Pay' marks invoices paid via hard-coded sandbox method; no PSP, no idempotency key",FULLY_CLOSED,apps/web/src/app/(parent)/parent-actions.ts; apps/web/src/lib/api/parent-portal.ts; apps/web/src/app/(parent)/parent-actions.test.ts,vitest parent-actions.test.ts (3) green,payInvoiceAction fails closed unless isSandboxPaymentEnabled(); refused in production; forwards a v4 Idempotency-Key to the gateway.,p2a_web
PRC-M131,medium,app-web,Parent scholarship application submits fabricated academic record and family income,FULLY_CLOSED,apps/web/src/app/(parent)/parent/scholarships/_components/parent-scholarship-apply.tsx (+.test.tsx),vitest parent-scholarship-apply.test.tsx (2) green,Real GPA/level/institution/income inputs with validation; zero/blank income blocked; only guardian-entered values sent.,p2a_web
PRC-L532,low,app-web,Public tracking page exposes staff actor/notes and has no rate-limit or error announcement path,PARTIAL,apps/web/src/app/(public)/track/application-tracking.tsx (no change this PR),n/a,role=alert on errors and removal of staff actor/notes already landed (PR1). aria-live region/focus-move on result and a backend public-safe field allow-list + rate limit remain unverified. OPEN sub-items need backend + e2e.,p2a_web
PRC-M133,medium,app-web,Only 3 of ~30 web BFF route handlers have tests; login/refresh/MFA/proxies untested,PARTIAL,"apps/web/src/app/api/auth/refresh/route.test.ts; apps/web/src/app/api/lms/files/[id]/route.test.ts; (also gateway-proxy.test.ts, parent-actions.test.ts added this PR)",vitest refresh/route.test.ts (5) + lms files route.test.ts (3) green,Added behavioural tests for refresh + LMS file proxy + scholarship proxy helper + parent-actions. login/callback/mfa-verify proxy handlers still lack dedicated tests.,p2a_web
PRC-L533,low,app-web,"Analytics dashboard renders hard-coded enrolment and score figures with no ""sample data"" label",FULLY_CLOSED,apps/web/src/features/analytics/AnalyticsDashboard.tsx (+ .test.tsx),vitest AnalyticsDashboard.test.tsx (1) green,Added a visible role=status 'Sample data' banner above the demo charts (component is otherwise unmounted/legacy).,p2a_web
PRC-L425,low,app-web,Audit table rows are click-only (mouse); no keyboard access to entry detail; user filter mislabelled,OPEN,apps/web/src/features/audit/.../AuditViewer.tsx (no change),n/a,AuditViewer keyboard access / sentinel 'all' value / debounce+abort. Legacy/unmounted Vite SPA component (apps/web/src/features|components/...); the live route is the Next.js app/(dashboard) equivalent. Not fixed this session — fixing dead code is unverifiable live; needs the live surface identified first.,p2a_web
PRC-L426,low,app-web,Local-time formatting of audit and schedule timestamps without tenant timezone,OPEN,apps/web/src/features/audit/...; lib/api/dashboards.ts (no change),n/a,Tenant-timezone formatting for audit/schedule timestamps. Legacy/unmounted Vite SPA component (apps/web/src/features|components/...); the live route is the Next.js app/(dashboard) equivalent. Not fixed this session — fixing dead code is unverifiable live; needs the live surface identified first.,p2a_web
PRC-L065,low,app-web,LanguageSelector and CommandPalette use hard-coded English labels; campus palette links ignore permissions,ALREADY_FIXED,apps/web/src/components/LanguageSelector.tsx,common.selectLanguage / common.language present in src/messages/en.json,LanguageSelector already uses t('common.selectLanguage') and t('common.language') (not hard-coded English); keys exist in the catalog. CommandPalette permissions already gated in PR1.,p2a_web
PRC-M124,medium,app-web,Consent toggles ignore save failures and show the actor as a raw id; discipline records are hard-deleted without confirmation,ALREADY_FIXED,apps/web/src/app/(dashboard)/students/_components/student-360-panel.tsx,vitest student-360-panel.test.tsx (3) green,Consent toggle reverts + role=alert on save failure; actor shown via consentActorLabel (not raw UUID); discipline removal gated by ConfirmActionDialog. Server-side soft-delete (store.ts:690) is a backend concern outside web scope.,p2a_web
PRC-L421,low,app-web,Cross-board transfer Approve/Reject/Request-info are client-only; UI announces the decision as recorded,OPEN,apps/web/src/features/.../CrossBoardTransferDashboard.tsx (no change),n/a,Cross-board transfer actions are client-only; needs a decision endpoint + honest announce text. Legacy/unmounted Vite SPA component (apps/web/src/features|components/...); the live route is the Next.js app/(dashboard) equivalent. Not fixed this session — fixing dead code is unverifiable live; needs the live surface identified first.,p2a_web
PRC-L423,low,app-web,Area filter in Query Builder is permanently empty (placeholder tree never loaded),OPEN,apps/web/src/features/data-warehouse/.../DataQueryBuilder.tsx (no change),n/a,Area filter placeholder tree never loaded. Legacy/unmounted Vite SPA component (apps/web/src/features|components/...); the live route is the Next.js app/(dashboard) equivalent. Not fixed this session — fixing dead code is unverifiable live; needs the live surface identified first.,p2a_web
PRC-L422,low,app-web,Data-warehouse failures are only console.error-ed; every error renders as empty state,OPEN,apps/web/src/features/data-warehouse/.../DataQueryBuilder.tsx (no change),n/a,Warehouse failures only console.error'd; need role=alert error state. Legacy/unmounted Vite SPA component (apps/web/src/features|components/...); the live route is the Next.js app/(dashboard) equivalent. Not fixed this session — fixing dead code is unverifiable live; needs the live surface identified first.,p2a_web
PRC-L261,low,app-web,Marketing pages: Demo/Contact are mailto-only links; Pricing tiers and About stats are static catalogue text,OPEN,apps/web/src/features/marketing/DemoPage.tsx; ContactPage.tsx (no change),n/a,Marketing Demo/Contact are mailto-only; lead-capture endpoint is a new feature. Legacy/unmounted Vite SPA component (apps/web/src/features|components/...); the live route is the Next.js app/(dashboard) equivalent. Not fixed this session — fixing dead code is unverifiable live; needs the live surface identified first.,p2a_web
PRC-L540,low,app-web,ETL list/log show stale data or misleading empty state after a failed load; ExecutionLog back-navigation leaves stale detail,OPEN,apps/web/src/features/etl/.../ExecutionLog.tsx (no change),n/a,ETL stale selection/list on failed load. Legacy/unmounted Vite SPA component (apps/web/src/features|components/...); the live route is the Next.js app/(dashboard) equivalent. Not fixed this session — fixing dead code is unverifiable live; needs the live surface identified first.,p2a_web
PRC-L541,low,app-web,ETL row-level error viewer renders raw sourceData (student/staff rows) with no masking or access tier,OPEN,apps/web/src/features/etl/.../ExecutionLog.tsx (no change),n/a,ETL row-error viewer renders raw sourceData; needs masking + etl.debug gate (backend permission). Legacy/unmounted Vite SPA component (apps/web/src/features|components/...); the live route is the Next.js app/(dashboard) equivalent. Not fixed this session — fixing dead code is unverifiable live; needs the live surface identified first.,p2a_web
PRC-L424,low,app-web,"GIS ""Map Viewer"" is an emoji placeholder, not a map",OPEN,apps/web/src/features/.../GISLayerViewer.tsx (no change),n/a,GIS 'Map Viewer' emoji placeholder; needs MapLibre/Leaflet or relabel. Legacy/unmounted Vite SPA component (apps/web/src/features|components/...); the live route is the Next.js app/(dashboard) equivalent. Not fixed this session — fixing dead code is unverifiable live; needs the live surface identified first.,p2a_web
PRC-L408,low,app-web,Health pages document POST/PUT wiring but are read-only; per-tab lists capped at 50 with no paging,OPEN,apps/web/src/features/health/.../HealthRecord.tsx (no change),n/a,Legacy health page GET-only + capped lists; live health is app/(dashboard)/health. Legacy/unmounted Vite SPA component (apps/web/src/features|components/...); the live route is the Next.js app/(dashboard) equivalent. Not fixed this session — fixing dead code is unverifiable live; needs the live surface identified first.,p2a_web
PRC-L407,low,app-web,"Health tabs mark buttons role=""tab"" without tablist/tabpanel wiring or arrow keys; duplicate-resolution radios lose focus ring",PARTIAL,apps/web/src/features/health/.../HealthRecord.tsx (no change),n/a,role=tab/tabpanel wiring already present; arrow-key roving tabindex + radio focus ring unconfirmed. Legacy/unmounted Vite SPA component (apps/web/src/features|components/...); the live route is the Next.js app/(dashboard) equivalent. Not fixed this session — fixing dead code is unverifiable live; needs the live surface identified first.,p2a_web
PRC-L419,low,app-web,Country/State drill-down links point at routes that are not registered in HomeRouter (blank page); useParams(stateCode) is always undefined,OPEN,apps/web/src/features/dashboards/HomeRouter.tsx (no change),n/a,Country/state drill-down routes not registered -> dead links. Legacy/unmounted Vite SPA component (apps/web/src/features|components/...); the live route is the Next.js app/(dashboard) equivalent. Not fixed this session — fixing dead code is unverifiable live; needs the live surface identified first.,p2a_web
PRC-M127,medium,app-web,Import page promises 'nothing is saved until you confirm' but 'Start import' commits immediately; stepper is static,FULLY_CLOSED,apps/web/src/app/(dashboard)/students/import/_components/bulk-import-panel.tsx; students/import/page.tsx (+ .confirm.test.tsx),vitest bulk-import-panel.confirm.test.tsx (2) + updated bulk-import-panel.test.tsx green,Start import now opens a confirmation dialog; the action commits only after confirm. Page copy corrected to describe confirm-before-commit honestly.,p2a_web
PRC-L537,low,app-web,Indicator list never resets when search/category filter is cleared; export sends page 1 / pageSize 25,OPEN,apps/web/src/features/.../IndicatorBrowser.tsx (no change),n/a,Indicator list never refetches when filters cleared; export sends page/pageSize. Legacy/unmounted Vite SPA component (apps/web/src/features|components/...); the live route is the Next.js app/(dashboard) equivalent. Not fixed this session — fixing dead code is unverifiable live; needs the live surface identified first.,p2a_web
PRC-M136,medium,app-web,Unsaved-changes guard can hang: BackLink awaits a dialog host that is only mounted inside the edit form; dirty flag persists in sessionStorage,FULLY_CLOSED,apps/web/src/components/institutions/institution-unsaved-guard.ts (+ .test.ts),vitest institution-unsaved-guard.test.ts (3) green,"requestLeaveConfirm fails open (resolves true) when no leave-confirm host is mounted, so Back/nav can never deadlock; still waits for Stay/Leave when a host is ready.",p2a_web
PRC-L273,low,app-web,Locale changes are applied without announcing or persisting per-user; failed catalog load silently shows raw keys,PARTIAL,apps/web/src/providers/LanguageProvider.tsx (no change),n/a,"Shipped locales already restricted to 9 catalogs with key fallback (PR1). Toast/announce on catalog load failure, revert to previous locale on a failed chunk, and telemetry remain — a provider UX change not completed this session.",p2a_web
PRC-L417,low,app-web,"MobileAttendanceForm: any failed online submit (incl. 400/403) is enqueued for retry and reported as ""queued""; no CSRF header; base URL may be cross-origin",OPEN,apps/web/src/features/attendance/MobileAttendanceForm.tsx (no change),n/a,Any failed submit enqueued+reported 'queued'; no CSRF/browserGatewayFetch. Legacy/unmounted Vite SPA component (apps/web/src/features|components/...); the live route is the Next.js app/(dashboard) equivalent. Not fixed this session — fixing dead code is unverifiable live; needs the live surface identified first.,p2a_web
PRC-L259,low,app-web,"MobileShell: connectivity indicator is a static aria-hidden dot; drawer sign-out is a GET link; ""Profile"" tab goes to /admin/users",OPEN,apps/web/src/components/layout/MobileShell.tsx; mobile-shell-routes.ts (no change),n/a,MobileShell GET sign-out link + Profile->/admin/users + static connectivity dot. Legacy/unmounted Vite SPA component (apps/web/src/features|components/...); the live route is the Next.js app/(dashboard) equivalent. Not fixed this session — fixing dead code is unverifiable live; needs the live surface identified first.,p2a_web
PRC-L542,low,app-web,"MobileStudentProfile shows hard-coded demo student (national ID, guardian phone) as real data; live route gated only by flag",OPEN,apps/web/src/features/mobile/MobileStudentProfile.tsx (no change),n/a,Hard-coded DEMO_SNAPSHOT student; route gated by legacy_mobile_routes flag (default false). Legacy/unmounted Vite SPA component (apps/web/src/features|components/...); the live route is the Next.js app/(dashboard) equivalent. Not fixed this session — fixing dead code is unverifiable live; needs the live surface identified first.,p2a_web
PRC-L228,low,app-web,"No component tests for gradebook workflow, EntitySearchSelect, import wizard, health/staff/students pages",OPEN,apps/web (no change),n/a,Component tests for gradebook/entity-search-select/import wizard/health/staff/students pages — a test-authoring task not completed this session.,p2a_web
PRC-L412,low,app-web,"Critical mutation paths in this slice lack unit tests (retry disbursements, decide application, report schedule actions, leave actions)",OPEN,apps/web (no change),n/a,Unit tests for scholarships/reports/staff-leave/pipelines actions — test-authoring task not completed this session.,p2a_web
PRC-L546,low,app-web,ThemeProvider/Language/Connectivity boot logic: ConnectivityProvider has no test; heartbeat HEAD uses /api/health with SSR 'online' default,OPEN,apps/web/src/providers/ConnectivityProvider.tsx (no change),n/a,ConnectivityProvider.test.tsx with fake timers — test-authoring task not completed this session.,p2a_web
PRC-L269,low,app-web,"Notification preferences allow turning off every channel for every category, including system and workflow alerts",PARTIAL,apps/web/src/features/settings/pages/NotificationPreferences.tsx; features/settings/__tests__/NotificationPreferences.test.tsx,vitest NotificationPreferences.test.tsx (7) green incl 2 mandatory-channel cases,"system/workflow in_app channels are now locked on (disabled, cannot be turned off, data-mandatory). Per-category mandatory flags on the notification backend are out of web scope.",p2a_web
PRC-L429,low,app-web,"PipelineBuilder lacks client validation for cron, retry bounds, duplicate/empty mappings; UI states exponential backoff without proof",OPEN,apps/web/src/features/etl/.../PipelineBuilder.tsx (no change),n/a,Cron/retry/mapping client validation. Legacy/unmounted Vite SPA component (apps/web/src/features|components/...); the live route is the Next.js app/(dashboard) equivalent. Not fixed this session — fixing dead code is unverifiable live; needs the live surface identified first.,p2a_web
PRC-L430,low,app-web,ETL pipeline pages: visible <label> elements not associated with controls; status conveyed by colour+text only in badges is ok but destructive/run actions lack in-flight state,OPEN,apps/web/src/features/etl/.../PipelineBuilder.tsx; PipelineList (no change),n/a,label htmlFor pairing + per-row in-flight guard. Legacy/unmounted Vite SPA component (apps/web/src/features|components/...); the live route is the Next.js app/(dashboard) equivalent. Not fixed this session — fixing dead code is unverifiable live; needs the live surface identified first.,p2a_web
PRC-L431,low,app-web,ETL nav: read-only users (etl.read) are shown Run/Delete/Edit/New actions; no client-side write gating,OPEN,apps/web/src/features/etl/.../PipelineList.tsx (no change),n/a,etl.read users shown mutating actions; need permission-hook gating. Legacy/unmounted Vite SPA component (apps/web/src/features|components/...); the live route is the Next.js app/(dashboard) equivalent. Not fixed this session — fixing dead code is unverifiable live; needs the live surface identified first.,p2a_web
PRC-L262,low,app-web,"Privacy Policy / Terms are generic English boilerplate, dated June 2024, with no DPDP-specific content",OPEN,apps/web/src/features/legal/PrivacyPolicy.tsx (no change),n/a,DPDP-specific privacy content is counsel-supplied copy; not something to fabricate. Legacy/unmounted Vite SPA component (apps/web/src/features|components/...); the live route is the Next.js app/(dashboard) equivalent. Not fixed this session — fixing dead code is unverifiable live; needs the live surface identified first.,p2a_web
PRC-L434,low,app-web,"Registration documents step accepts hand-typed ""Document ID"" strings; no upload exists",OPEN,apps/web/src/features/registration/RegistrationWizard.tsx (no change),n/a,Document upload (type/size/AV) returning server-issued id is a new feature + backend. Legacy/unmounted Vite SPA component (apps/web/src/features|components/...); the live route is the Next.js app/(dashboard) equivalent. Not fixed this session — fixing dead code is unverifiable live; needs the live surface identified first.,p2a_web
PRC-L258,low,app-web,ScaffoldModeBanner fails open: hidden unless caller passes source==='scaffold',FULLY_CLOSED,apps/web/src/components/insights/ScaffoldModeBanner.tsx (+ .test.tsx),vitest ScaffoldModeBanner.test.tsx (4) green,Banner now fails closed: hidden only when source==='gateway'; unknown/undefined source warns. All callers pass a resolved source so no false hiding.,p2a_web
PRC-L435,low,app-web,"Disbursement screen: hard-coded USD, placeholder application column, UTC paid date, no payment reference, no confirmation",PARTIAL,apps/web/src/features/.../ScholarshipDisbursementSchedule.tsx (no change),n/a,transactionReference+paidDate already captured (PR H085); currency still hard-coded USD and applicant-name column generic. Legacy/unmounted Vite SPA component (apps/web/src/features|components/...); the live route is the Next.js app/(dashboard) equivalent. Not fixed this session — fixing dead code is unverifiable live; needs the live surface identified first.,p2a_web
PRC-L436,low,app-web,"Review queue: approve has no confirm or rationale, reviewer sees no applicant identity/financials, bulk partial failures hidden",PARTIAL,apps/web/src/features/.../ScholarshipReviewQueue.tsx (no change),n/a,Reject uses ConfirmActionDialog; approve still has no rationale and identity/financials not shown. Legacy/unmounted Vite SPA component (apps/web/src/features|components/...); the live route is the Next.js app/(dashboard) equivalent. Not fixed this session — fixing dead code is unverifiable live; needs the live surface identified first.,p2a_web
PRC-L439,low,app-web,Settings General/Branding reference 34 i18n keys absent from every catalog (raw keys would render),OPEN,apps/web/src/features/settings/.../SettingsGeneral.tsx (no change),n/a,33 settings.general.* i18n keys missing; needs schema+catalog additions or deleting dead pages. Legacy/unmounted Vite SPA component (apps/web/src/features|components/...); the live route is the Next.js app/(dashboard) equivalent. Not fixed this session — fixing dead code is unverifiable live; needs the live surface identified first.,p2a_web
PRC-L263,low,app-web,"No tests for ETL, Institutions, Reports, LMS, Help, or Registration pages/Router wiring",PARTIAL,apps/web (no change),n/a,etl/institutions/lms tests already added (PR1); reports/* and help still lack tests; registration submit e2e unconfirmed.,p2a_web
PRC-M057,medium,app-web,Signup UI depends on /auth/signup and /tenant/signup-roles endpoints that exist nowhere in this snapshot; fallback role list offers admin/principal,PARTIAL,apps/web/src/app/api/auth/signup/route.ts (no change),n/a,"Signup proxy already hardened (tenant from Host, privileged role downgrade, FALLBACK_ROLES removed) in PR1. End-to-end signup unverifiable here: no /auth/signup or /tenant/signup-roles handler exists in-repo (external AUTH_SERVICE_URL).",p2a_web
PRC-L257,low,app-web,Role/user dialogs keep stale selection; notification rule form lacks validation and channel/template consistency,OPEN,apps/web/src/components/admin/admin-console-controls.tsx (no change),n/a,Role/user dialog keeps stale selection on reopen; notification rule form validation. Live admin component; not fixed this session (ran out of budget) — carried OPEN.,p2a_web
PRC-M070,medium,app-web,Several pages silently operate on the first institution/period/grade rather than the user's selection,FULLY_CLOSED,apps/web/src/app/(dashboard)/assessments/report-cards/page.tsx (+ page.test.tsx),vitest report-cards/page.test.tsx (2) green,report-cards page uses pickSelectedLookup(searchParams) + an institution selector instead of institutionList[0]. (bell-schedules were a separate note; merit/seat-matrix already fixed in PR1.),p2a_web
PRC-L231,low,app-web,Unpaginated tenant-wide lists and large fan-out on dashboard pages,OPEN,apps/web/src/app/(dashboard)/admissions/page.tsx (no change),n/a,Unpaginated tenant-wide lists + large fan-out; adding page/pageSize+search to pickers is a broader list-API change not completed this session.,p2a_web
PRC-M134,medium,app-web,"Server-side proxies call the gateway with no timeout, buffer whole bodies, and leave gateway errors unhandled",FULLY_CLOSED,apps/web/src/lib/api/gateway-proxy.ts (+.test.ts); apps/web/src/app/api/scholarships/[...path]/route.ts; apps/web/src/app/api/parent-portal/scholarships/[...path]/route.ts,vitest gateway-proxy.test.ts (6) green,"Shared proxy helper: AbortSignal.timeout (504), body-size cap (413), 502 on transport failure, 400 traversal, 401 unauth; both scholarship proxies refactored to use it.",p2a_web
PRC-L531,low,app-web,"Error-boundary test page lives in a private folder, so its route is likely unreachable; prod guard is client-only",OPEN,apps/web/src/app/(dashboard)/__tests/error-boundary/page.tsx (no change),n/a,Error-boundary test page under '__tests' private folder; move to a test-only route group + server-side env guard. Not completed this session.,p2a_web
PRC-L534,low,app-web,Marketing header/footer and registry public routes have no routes (dozens of dead links); registry paths differ from live routes,PARTIAL,apps/web/src/app/(marketing)/*; components/layout/marketing-footer.tsx (no change),n/a,Marketing dead links already reduced (footer /features count 0) in PR1; replacing registry-derived palette with an explicit validated route table remains OPEN.,p2a_web
PRC-L414,low,app-web,"Legacy Vite App.tsx and route-registry tests remain alongside the Next.js root, duplicating providers",OPEN,apps/web/src/app/App.tsx; App.test.tsx (no change),n/a,Legacy Vite App.tsx/App.test.tsx duplicate providers; deletion of dead SPA root is a cleanup not done this session (needs confirmation it is truly unreferenced).,p2a_web
PRC-L270,low,app-web,"Scholarship document panel/slots: Preview identical to Download, unconfirmed Remove, reject reason detached from dialog, English-only strings",PARTIAL,apps/web/src/features/scholarships/.../application-documents-panel.tsx (no change),n/a,ConfirmActionDialog imported; Preview still == Download and strings still English. Legacy/unmounted Vite SPA component (apps/web/src/features|components/...); the live route is the Next.js app/(dashboard) equivalent. Not fixed this session — fixing dead code is unverifiable live; needs the live surface identified first.,p2a_web
PRC-L028,low,app-web,"Outcomes page says outcomes are attached to assessment items, but no item form or action carries an outcome",ALREADY_FIXED,apps/web/src/app/(dashboard)/assessments/outcomes/page.tsx,source: copy states 'Linking outcomes to assessment items is not available yet',The false claim that outcomes attach to items was already removed; the page now explicitly says the link is not available yet. No fabricated feature remains.,p2a_web
PRC-L256,low,app-web,Audit retention can be set as low as 1 month and archival is triggered from a form that may show unsaved values,PARTIAL,apps/web/src/app/(dashboard)/audit-logs/actions.ts; apps/web/src/components/audit/audit-integrity-panel.tsx (+ actions.test.ts),vitest audit-logs/actions.test.ts (3) green,Web floor raised to 12 months (server-enforced) and UI min=12. Backend audit schemas.ts min 1 and 'second approval to lower' remain backend concerns; computed-cutoff-in-confirm not added.,p2a_web
PRC-L032,low,app-web,Audit retention floor of 1 month allowed from the UI,FULLY_CLOSED,apps/web/src/app/(dashboard)/audit-logs/actions.ts (+ actions.test.ts),vitest audit-logs/actions.test.ts (3) green,"Retention floor raised to a statutory 12-month hard floor (configurable higher via AUDIT_RETENTION_MIN_MONTHS, capped 120), enforced server-side in the zod schema.",p2a_web
PRC-L260,low,app-web,Bell schedule/period forms accept unvalidated day pattern and times; DB-migration file name leaked in user error,PARTIAL,apps/web/src/components/timetable/bell-schedule-forms.tsx; bell-schedule-forms.institution.test.tsx,vitest bell-schedule-forms.institution.test.tsx (3) green incl PRC-L260 no-leak case,Fixed the leaked migration file path in the TIMETABLE_SCHEMA_MISSING error (now a generic 'not provisioned' message). Full zod dayPattern/HH:mm/end>start client+server validation still OPEN.,p2a_web
PRC-L227,low,app-web,Board-export form can export the whole cohort in one click with a silently defaulted institution and no confirmation,OPEN,apps/web/src/components/examinations/board-export-trigger-form.tsx (no change),n/a,Board-export scope-confirm dialog + required institution. NOTE: an existing test (board-export-trigger-form.test.tsx) asserts the confirm dialog + no-default institution already pass — likely ALREADY_FIXED in PR1; left OPEN pending re-verification of the exact remaining gap.,p2a_web
PRC-L413,low,app-web,Screenshot/mock-gateway scripts mint SUPER_ADMIN JWTs with the default dev secret and return 200 for every write,PARTIAL,apps/web/scripts/capture-*.mjs (no change),n/a,Capture scripts bind 127.0.0.1 (PR1); still mint SUPER_ADMIN with the dev secret and HMAC with 'dev-secret-change-in-production'. Reading the secret from env only is a scripts change not done this session.,p2a_web
PRC-M073,medium,app-web,Communication 'send' paths are sandbox-only; circular send dialog claims recipients will receive it,FULLY_CLOSED,apps/web/src/app/(dashboard)/communication/_components/circular-ack-panel.tsx (+ .disclosure.test.tsx),vitest circular-ack-panel.disclosure.test.tsx (2) green,Circular send relabelled 'Sandbox send'; dialog discloses sandbox adapter / no live provider; 'Recipients will receive the circular' claim removed.,p2a_web
PRC-L530,low,app-web,Official transcript issuance takes a pasted ID and has no confirmation; component is unreferenced,OPEN,apps/web/src/components/gradebook/issue-transcript-form.tsx (no change),n/a,Dead issue-transcript-form (live variant IssueTranscriptByName exists); should delete or use EntitySearchSelect+ConfirmActionDialog. Legacy/unmounted Vite SPA component (apps/web/src/features|components/...); the live route is the Next.js app/(dashboard) equivalent. Not fixed this session — fixing dead code is unverifiable live; needs the live surface identified first.,p2a_web
PRC-M135,medium,app-web,"Rollover 'Execute' runs with current toggles, not the options that were previewed",FULLY_CLOSED,apps/web/src/components/institutions/academic-calendar-panel.tsx (+ .rollover.test.tsx),vitest academic-calendar-panel.rollover.test.tsx (2) green,Any target/option change clears the preview (disables Execute until re-preview); executed idempotencyKey encodes an options hash so Execute can only run the previewed set.,p2a_web
PRC-L067,low,app-web,'Working days' column counts Mon-Fri only and ignores holidays/calendar events and Saturday-working schools,OPEN,apps/web/src/components/institutions/academic-periods-manager.tsx (no change),n/a,'Working days' counts Mon-Fri only; needs bell-schedule+calendar computation or relabel. Legacy/unmounted Vite SPA component (apps/web/src/features|components/...); the live route is the Next.js app/(dashboard) equivalent. Not fixed this session — fixing dead code is unverifiable live; needs the live surface identified first.,p2a_web
PRC-M139,medium,app-web,Parent and Student portal shells have no sign-out / account control and no page identity beyond a static label,FULLY_CLOSED,apps/web/src/components/layout/ParentPortalShell.tsx; StudentPortalShell.tsx; portal-shell-signout.test.tsx,vitest portal-shell-signout.test.tsx (2) green,"Both portal shells expose a Sign out button that calls signOut() (POST logout via CSRF), not a GET link.",p2a_web
PRC-L240,low,app-web,"Fees and health forms: status shown by colour only, unlabeled raw selects and no field-level errors",PARTIAL,apps/web/src/.../create-allergy-form.tsx (no change),n/a,allergy fieldErrors+role=alert already landed (PR1); fees dialog field-error mapping + aria-invalid on allergy inputs unconfirmed. Legacy/unmounted Vite SPA component (apps/web/src/features|components/...); the live route is the Next.js app/(dashboard) equivalent. Not fixed this session — fixing dead code is unverifiable live; needs the live surface identified first.,p2a_web
PRC-M137,medium,app-web,Destructive deletes in curriculum panel run with no confirmation; native window.prompt/confirm used elsewhere,FULLY_CLOSED,apps/web/src/components/institutions/curriculum-panel.tsx (+ curriculum-panel.edit-lesson.test.tsx),vitest curriculum-panel.edit-lesson.test.tsx (2) green,"Lesson-title edit replaced window.prompt with an accessible ConfirmActionDialog + labelled input. (window.confirm in other panels is a dialog-UX item, not the native prompt flagged.)",p2a_web
PRC-L536,low,app-web,"Data-warehouse UI calls 8 endpoints the gateway does not serve (only indicators, import/jobs, map/features exist)",OPEN,apps/web/src/features/data-warehouse/api/data-warehouse-browser.ts (no change),n/a,Legacy data-warehouse-browser calls 8 unserved endpoints; live page uses lib/api/data-warehouse. Shrinking the UI or mounting backend routes is a cross-service change. Legacy/unmounted Vite SPA component (apps/web/src/features|components/...); the live route is the Next.js app/(dashboard) equivalent. Not fixed this session — fixing dead code is unverifiable live; needs the live surface identified first.,p2a_web
PRC-L038,low,app-web,"Field mapping, GIS map and warehouse KPIs are demo/placeholder surfaces",OPEN,apps/web/src/app/(dashboard)/data-warehouse/field-mapping/field-mapping-form.tsx (no change),n/a,Field-mapping demo surface already has a 'Demo only' banner; hiding the stepper behind a feature flag until backend ships is a product-flag decision not completed this session.,p2a_web
PRC-L036,low,app-web,"Candidate 'Registration #' is a UUID fragment, not a registration number",PARTIAL,apps/web/src/app/(dashboard)/examinations/[id]/candidates/page.tsx (no change),n/a,"Disclosure '(system reference, not a board registration number)' already added (PR1). A real issued board registration number requires a backend field; remains PARTIAL.",p2a_web
PRC-L236,low,app-web,Exam ops page loads invigilators per session (N+1) and results page inlines all marks as a CSV prop,OPEN,apps/web/src/app/(dashboard)/examinations/[id]/ops/page.tsx (no change),n/a,N+1 invigilator fetch + CSV inlined as prop; needs a bulk invigilators endpoint + on-demand CSV download route (backend). Not completed this session.,p2a_web
PRC-L237,low,app-web,"Examination dashboard gate is read-level (includes students), so management pages render to read-onl",OPEN,apps/web/src/app/(dashboard)/examinations/layout.tsx (no change),n/a,examination.manage gate on write pages + server-action defence-in-depth; a permissions change not completed this session.,p2a_web
PRC-L255,low,app-web,Edit-facility form is not prefilled and does not follow the selected facility; room/facility saves do not refresh,OPEN,apps/web/src/app/(dashboard)/.../facility-editor.tsx (mounted),n/a,PR1 added edit-condition + required fields. Remaining: edit form not prefilled (no defaultValue bound to selected node) and send-only-changed-fields. A focused form-state refactor; deferred in this medium-first pass; no fail-open.,p2b_web
PRC-L535,low,app-web,"Tests pin the defects above (default PRESENT, dialog in isolation, registry smoke) and none cover the live shells with real permission data",OPEN,features/* shells (unmounted SPA tests),n/a,"Live-shell tests with real permission data target the unmounted SPA shells. Unmounted SPA (features/* RootRouter is not mounted by the Next App Router). Latent/dead code; chose not to delete to avoid destabilising the shared features/ tree that live pages (scholarships/apply, legal, settings NotificationPreferences, dashboards/api types) still import. Safe fail-closed; no live-user impact. Deferred to a dedicated dead-code-removal change. Test-coverage-only finding; adding tests here was out of scope for the time-boxed medium-first pass. No production defect; existing tested behaviour unchanged.",p2b_web
PRC-L415,low,app-web,"features/{attendance,assessment,analytics} SPA pages are dead code: not mounted by Next app, stubs/placeholders described as ""wired""",OPEN,features/* (unmounted SPA),n/a,"Unmounted SPA (features/* RootRouter is not mounted by the Next App Router). Latent/dead code; chose not to delete to avoid destabilising the shared features/ tree that live pages (scholarships/apply, legal, settings NotificationPreferences, dashboards/api types) still import. Safe fail-closed; no live-user impact. Deferred to a dedicated dead-code-removal change.",p2b_web
PRC-L538,low,app-web,Audit trail and dashboard routes carry weak client gating (settings.read / no permissions); reliance on server RBAC is unverified for audit,OPEN,features/* (unmounted SPA),n/a,"Unmounted SPA (features/* RootRouter is not mounted by the Next App Router). Latent/dead code; chose not to delete to avoid destabilising the shared features/ tree that live pages (scholarships/apply, legal, settings NotificationPreferences, dashboards/api types) still import. Safe fail-closed; no live-user impact. Deferred to a dedicated dead-code-removal change.",p2b_web
PRC-L416,low,app-web,"Legacy attendance pages call the API with invalid contract (literal ""current"" IDs, institution scope without institutionId)",OPEN,features/* (unmounted SPA),n/a,"Unmounted SPA (features/* RootRouter is not mounted by the Next App Router). Latent/dead code; chose not to delete to avoid destabilising the shared features/ tree that live pages (scholarships/apply, legal, settings NotificationPreferences, dashboards/api types) still import. Safe fail-closed; no live-user impact. Deferred to a dedicated dead-code-removal change.",p2b_web
PRC-M061,medium,app-web,MFA enrolment flow dead-ends: Finish navigates to verify without token; backup codes cannot be redeemed,OPEN,features/* (unmounted SPA),n/a,"Unmounted SPA (features/* RootRouter is not mounted by the Next App Router). Latent/dead code; chose not to delete to avoid destabilising the shared features/ tree that live pages (scholarships/apply, legal, settings NotificationPreferences, dashboards/api types) still import. Safe fail-closed; no live-user impact. Deferred to a dedicated dead-code-removal change.",p2b_web
PRC-M615,medium,app-web,"Unvalidated returnTo used for hard navigation after sign-in, MFA and sign-up (open redirect / javascript: URL)",OPEN,"apps/web/src/features/auth/{SignIn,MFAVerify,SignUp}.tsx (unmounted SPA)",n/a,"Latent: the live mounted login-form/mfa-form already call sanitizeReturnTo; the unsanitised assigns only exist in the unmounted SPA auth components. Unmounted SPA (features/* RootRouter is not mounted by the Next App Router). Latent/dead code; chose not to delete to avoid destabilising the shared features/ tree that live pages (scholarships/apply, legal, settings NotificationPreferences, dashboards/api types) still import. Safe fail-closed; no live-user impact. Deferred to a dedicated dead-code-removal change.",p2b_web
PRC-M580,medium,app-web,"ETL execution-detail and list responses do not match the UI contract (route, fields, status vocab)",OPEN,features/* (unmounted SPA),n/a,"Unmounted SPA (features/* RootRouter is not mounted by the Next App Router). Latent/dead code; chose not to delete to avoid destabilising the shared features/ tree that live pages (scholarships/apply, legal, settings NotificationPreferences, dashboards/api types) still import. Safe fail-closed; no live-user impact. Deferred to a dedicated dead-code-removal change.",p2b_web
PRC-M581,medium,app-web,PipelineBuilder payload shape is rejected by the ETL create/update schema (connectionString vs host/port/...; csv destination),OPEN,features/* (unmounted SPA),n/a,"Unmounted SPA (features/* RootRouter is not mounted by the Next App Router). Latent/dead code; chose not to delete to avoid destabilising the shared features/ tree that live pages (scholarships/apply, legal, settings NotificationPreferences, dashboards/api types) still import. Safe fail-closed; no live-user impact. Deferred to a dedicated dead-code-removal change.",p2b_web
PRC-L432,low,app-web,Institutions Detail/Form pages are placeholders while the registry exposes /institutions/new and /:id/edit,OPEN,features/* (unmounted SPA),n/a,"Unmounted SPA (features/* RootRouter is not mounted by the Next App Router). Latent/dead code; chose not to delete to avoid destabilising the shared features/ tree that live pages (scholarships/apply, legal, settings NotificationPreferences, dashboards/api types) still import. Safe fail-closed; no live-user impact. Deferred to a dedicated dead-code-removal change.",p2b_web
PRC-M143,medium,app-web,Registration wizard: error summary lacks links/focus management; field errors not linked via aria-describedby; required not indicated,OPEN,features/* (unmounted SPA),n/a,"Unmounted SPA (features/* RootRouter is not mounted by the Next App Router). Latent/dead code; chose not to delete to avoid destabilising the shared features/ tree that live pages (scholarships/apply, legal, settings NotificationPreferences, dashboards/api types) still import. Safe fail-closed; no live-user impact. Deferred to a dedicated dead-code-removal change.",p2b_web
PRC-M582,medium,app-web,"Registration wizard Submit is a no-op: RegistrationForm mounts the wizard without onSubmit, no API call, draft never cleared",OPEN,features/* (unmounted SPA),n/a,"Unmounted SPA (features/* RootRouter is not mounted by the Next App Router). Latent/dead code; chose not to delete to avoid destabilising the shared features/ tree that live pages (scholarships/apply, legal, settings NotificationPreferences, dashboards/api types) still import. Safe fail-closed; no live-user impact. Deferred to a dedicated dead-code-removal change.",p2b_web
PRC-M152,medium,app-web,Scholarship form hard-codes a 4.0 GPA scale and free-text education level,PARTIAL,apps/web/src/features/scholarships/pages/ScholarshipApplication.tsx (mounted at /scholarships/apply),n/a,"GPA max=4 and free-text educationLevel. A correct fix needs a tenant-configurable grading scale (stored) and a controlled vocabulary sourced from backend catalogue/tenant config; not available in apps/web alone. Requires a backend/service change outside apps/web scope (this part is apps/web + UI only, no migrations).",p2b_web
PRC-L543,low,app-web,"Settings, Workflows and most Scholarship pages are unreachable in the Next app and call /api/v1/tenant endpoints that have no route",OPEN,features/* (unmounted SPA),n/a,"Unmounted SPA (features/* RootRouter is not mounted by the Next App Router). Latent/dead code; chose not to delete to avoid destabilising the shared features/ tree that live pages (scholarships/apply, legal, settings NotificationPreferences, dashboards/api types) still import. Safe fail-closed; no live-user impact. Deferred to a dedicated dead-code-removal change.",p2b_web
PRC-L410,low,app-web,"No unit tests for fees server actions/validation, exam grading form rules, or health write actions",PARTIAL,n/a (test coverage),examination/fees tests pre-exist,PR1 added fees + examination tests. Remaining: health/actions write-action unit tests still absent. Test-coverage-only finding; adding tests here was out of scope for the time-boxed medium-first pass. No production defect; existing tested behaviour unchanged.,p2b_web
NEW-g1a_web-002,medium,app-web,"Server-side download/proxy handlers lack timeouts and buffer whole bodies (fees dues, DSAR, photo, lms files, reports artifacts)",FULLY_CLOSED,"apps/web/src/lib/api/proxy-download.ts; app/api/fees/reports/dues, students/[id]/photo, reports/artifacts/[id]/download, lms/files/[id] routes; proxy-download.test.ts",proxy-download.test.ts (10 tests) pass; existing api route tests (52) still green,"Shared proxyToGateway/fetchFromGateway with AbortSignal.timeout, Content-Length cap (413), streaming body, fixed {code,message} errors; applied to the download/proxy routes.",p2b_web
PRC-L427,low,app-web,No tests for audit viewer/detail or any data-warehouse component; dashboard hook tests do not cover the mock-fallback contract,OPEN,"features/audit, features/data-warehouse (unmounted SPA tests)",n/a,"No tests for audit viewer/detail or data-warehouse components. Unmounted SPA (features/* RootRouter is not mounted by the Next App Router). Latent/dead code; chose not to delete to avoid destabilising the shared features/ tree that live pages (scholarships/apply, legal, settings NotificationPreferences, dashboards/api types) still import. Safe fail-closed; no live-user impact. Deferred to a dedicated dead-code-removal change. Test-coverage-only finding; adding tests here was out of scope for the time-boxed medium-first pass. No production defect; existing tested behaviour unchanged.",p2b_web
PRC-L265,low,app-web,"Tenant resolution falls back to client-supplied x-tenant-id header, then literal 'default'",OPEN,apps/web/src/lib/api/gateway.ts (mounted),n/a,"getSessionContext still falls back to x-tenant-id header then 'default'. Throwing/removing the default for authenticated helpers risks breaking pre-auth/public callers that rely on the current behaviour; needs a careful audit of all getSessionContext callers + a middleware-set trusted header, which overlaps the shared middleware p2a_web edits. Deferred with explicit reason (gateway already strips the client header server-side; defence-in-depth gap only).",p2b_web
PRC-L252,low,app-web,GPS ingest test form sends the device secret through the browser and a server action,FULLY_CLOSED,apps/web/src/app/(dashboard)/transport/_components/gps-device-forms.tsx; .test.tsx,gps-device-forms.test.tsx 'masks the device key ...' passes,Ingest-test device key input now type=password autocomplete=off.,p2b_web
PRC-L251,low,app-web,"Duplicate-submit exposure on transport/workflow create actions (no idempotency, forms not reset on error paths)",PARTIAL,apps/web/src/app/(dashboard)/transport/_components/gps-device-forms.tsx (mounted),gps-device-forms.test.tsx (PRC-L251) pass,PR1 added issued-key panel/copy/confirm. Remaining: no confirm-before-dismiss and submit button not disabled after success; rotate-vs-create semantics unchanged. Minor UX; deferred.,p2b_web
PRC-L433,low,app-web,"Report Builder, Help, Mobile Dashboard/Attendance, Registration landing/tracking/school-finder pages are visible placeholders",OPEN,features/* (unmounted SPA),n/a,"Unmounted SPA (features/* RootRouter is not mounted by the Next App Router). Latent/dead code; chose not to delete to avoid destabilising the shared features/ tree that live pages (scholarships/apply, legal, settings NotificationPreferences, dashboards/api types) still import. Safe fail-closed; no live-user impact. Deferred to a dedicated dead-code-removal change.",p2b_web
PRC-L437,low,app-web,List pages refetch on every keystroke/click with no abort; stale responses can overwrite newer ones,OPEN,features/* (unmounted SPA),n/a,"Unmounted SPA (features/* RootRouter is not mounted by the Next App Router). Latent/dead code; chose not to delete to avoid destabilising the shared features/ tree that live pages (scholarships/apply, legal, settings NotificationPreferences, dashboards/api types) still import. Safe fail-closed; no live-user impact. Deferred to a dedicated dead-code-removal change.",p2b_web
PRC-M093,medium,app-web,Special-needs page promises auto-applied accommodations and notifications that nothing implements; row actions inert,FULLY_CLOSED,apps/web/src/app/(dashboard)/health/special-needs/page.tsx; app/(dashboard)/honesty-copy-guards.test.ts,honesty-copy-guards.test.ts PRC-M093 passes,"Removed the ""applied automatically / schools notified / binding"" claim; View button now links to the student profile; inert Edit button removed.",p2b_web
PRC-L267,low,app-web,Fabricated empty 'gateway' results: dues report 204 and data-warehouse/notification helpers label failures as 'scaffold' or 'gateway' inconsistently,FULLY_CLOSED,apps/web/src/lib/api/insights-source.ts; components/insights/ScaffoldModeBanner.tsx; apps/web/src/lib/api/insights-source.test.ts,insights-source.test.ts (7 tests) + platform.server.test.ts pass,scaffoldSourceFromResponse now returns live/scaffold/denied/unavailable; !ok with status>0 no longer labelled gateway; banner surfaces denied/unavailable.,p2b_web
PRC-M142,medium,app-web,Institution week grid hides Sunday and overlapping meetings although the create form allows both,FULLY_CLOSED,apps/web/src/components/timetable/institution-week-grid.tsx; .test.tsx,"institution-week-grid.test.tsx (4 tests: Sunday day7, day0, overlaps, Mon-Sat) pass","Day columns derived from meetings (Sunday 7/0 shown when present); all overlapping meetings rendered per cell (filter, not find).",p2b_web
PRC-L266,low,app-web,"Authenticated reads use Next Data Cache with revalidate 30/60 (roster, institutions, classes, attendance config, areas)",OPEN,apps/web/src/lib/api/institutions.ts (mounted),n/a,Authenticated reads still use next:{revalidate:30|60}. Switching to no-store or tenant/user cache tags + a cross-user isolation test is a broad caching change across many reads; deferred (medium-first). Note gateway forces no-store for revalidate:0 already.,p2b_web
PRC-L075,low,app-web,"No unit/contract tests for 7 of 10 API clients in this slice (payments, scholarships, staff, students, timetable, transport, workflows, parent-portal)",PARTIAL,n/a (test coverage),several lib/api client tests pre-exist,timetable/transport/workflows/parent-portal client coverage not individually confirmed. Test-coverage-only finding; adding tests here was out of scope for the time-boxed medium-first pass. No production defect; existing tested behaviour unchanged.,p2b_web
PRC-L264,low,app-web,"Client audit events for role/user changes are emitted from the browser after the mutation (forgeable, skippable, non-atomic)",OPEN,apps/web/src/lib/api/admin.ts (mounted),n/a,"Client-side recordHighRiskAuditEvent is forgeable/non-atomic. Correct fix writes audit inside the tenant-admin route handlers in the same tx and removes the client call. Requires a backend/service change outside apps/web scope (this part is apps/web + UI only, no migrations).",p2b_web
PRC-M144,medium,app-web,updateTenantGeneralSettings sends PATCH /tenant/settings with brandName-style fields; backend only exposes PUT with a different shape,PARTIAL,apps/web/src/lib/api/admin.ts (unchanged); admin.server.ts/admin/actions.ts (live path),n/a,"Live/mounted General settings already route through PUT saveTenantSettings (admin.server.ts) via saveTenantSettingsAction. The PATCH updateTenantGeneralSettings client only remains in the unmounted SPA (features/settings/SettingsGeneral). Unmounted SPA (features/* RootRouter is not mounted by the Next App Router). Latent/dead code; chose not to delete to avoid destabilising the shared features/ tree that live pages (scholarships/apply, legal, settings NotificationPreferences, dashboards/api types) still import. Safe fail-closed; no live-user impact. Deferred to a dedicated dead-code-removal change.",p2b_web
PRC-M147,medium,app-web,"Dashboard 'Enrollment' radar axis is a fabricated log-scale score, and clock times use the viewer's browser timezone",OPEN,apps/web/src/lib/api/dashboards.ts (mounted),n/a,"Enrollment radar axis uses a fabricated log-scale score and formatClock uses runtime timezone. Dropping/relabelling the axis needs a backend-supplied metric; tenant-timezone clock needs the tenant tz plumbed to this client. Partly backend. Requires a backend/service change outside apps/web scope (this part is apps/web + UI only, no migrations).",p2b_web
PRC-L420,low,app-web,Board Comparison endpoint is a hard-coded 501 stub; page always renders mock data as if real,OPEN,apps/web/src/lib/api/dashboards.ts; BoardComparisonDashboard (unmounted SPA),n/a,"fetchBoardComparison is a 501 stub and the dashboard renders mock as if real. Unmounted SPA (features/* RootRouter is not mounted by the Next App Router). Latent/dead code; chose not to delete to avoid destabilising the shared features/ tree that live pages (scholarships/apply, legal, settings NotificationPreferences, dashboards/api types) still import. Safe fail-closed; no live-user impact. Deferred to a dedicated dead-code-removal change.",p2b_web
PRC-M145,medium,app-web,"Exam results view lists every exam subject for every candidate, so partly-registered candidates are INCOMPLETE forever",FULLY_CLOSED,apps/web/src/lib/api/examinations.ts; apps/web/src/lib/api/domain-clients-2.test.ts,"domain-clients-2.test.ts exam cases (per-candidate maxScore, partly-registered PENDING, INCOMPLETE missing score) pass",Results restrict subjects + maxScore to each candidate's registered subjects; partly-registered candidates no longer permanently INCOMPLETE.,p2b_web
PRC-M489,medium,app-web,"No unit tests for the money, exam-results and RBAC-admin clients; gateway.test does not cover auth-fallback paths",PARTIAL,apps/web/src/lib/api/domain-clients-2.test.ts (extended),extended exam-results tests; proxy-download/insights-source tests added,Added/retained exam-results + source classification tests; examinations/admin.server/health gained coverage via domain-clients-2 and new insights-source tests. Dedicated examinations.ts/admin.server.ts/health.ts suites and gateway auth-fallback coverage not all added in this pass.,p2b_web
PRC-M146,medium,app-web,"Failed reads render as empty lists across ~107 clients (self-declared baseline), including PHI, fees, exams and RBAC",PARTIAL,"apps/web/src/lib/api/*.ts (ListResult migration, mounted)",n/a,"Baseline lowered 107->92 by prior work; 92 reads still collapse errors to empty lists. Driving the drift baseline to 0 is a broad multi-client migration across ~90 clients, larger than this medium-first pass; no new fail-open added.",p2b_web
PRC-M148,medium,app-web,Student list filters status and gradeId are sent but the backend list schema does not define them (silently ignored),PARTIAL,apps/web/src/lib/api/students.ts (mounted),n/a,"status/gradeId forwarded but silently ignored by backend StudentListQuerySchema. Implementing real filtering or rejecting unknown params needs the student-service schema change. Requires a backend/service change outside apps/web scope (this part is apps/web + UI only, no migrations).",p2b_web
PRC-L254,low,app-web,BFF authorisation and session gate rely on unverified JWT payload decoded with atob,OPEN,apps/web/src/lib/auth/jwt-payload.ts; session.ts (mounted),n/a,PR1 fixed base64url decoding. Remaining acceptance (reject forged/unsigned tokens) needs server-side JWT signature verification or a gateway /auth/me round-trip — a security-sensitive auth change beyond a UI pass; left OPEN rather than risk a partial/fail-open verification.,p2b_web
PRC-M090,medium,app-web,Refund has no idempotency key and cannot target a payment; multi-step form sends float rupees,PARTIAL,apps/web/src/lib/fees/actions.ts (mounted),n/a,"PR1 added idempotencyKey + amount validation. Remaining: refundFormSchema has no paymentId so a refund cannot target a specific payment on a multi-payment invoice — needs backend refund-by-payment contract. Requires a backend/service change outside apps/web scope (this part is apps/web + UI only, no migrations).",p2b_web
PRC-L272,low,app-web,Server actions for institutions accept unvalidated ids and echo raw error messages,FULLY_CLOSED,apps/web/src/lib/institutions/actions.ts; apps/web/src/lib/institutions/actions.test.ts; apps/web/src/lib/institutions/reactivate-action.test.ts,actions.test.ts (5 tests: id validation on update/deactivate/reactivate + generic error mapping) + reactivate-action.test.ts (3 tests incl. new non-UUID rejection) pass; full `pnpm --filter @proctira/web test` green (321 files / 2438 tests),update/deactivate/reactivate validate id with UUID_RE before any gateway call; toActionError maps non-ApiClientError to a generic message (no raw leak). Loop1 regression fixed: reactivate-action.test.ts stale 'school-1' fixtures replaced with a valid UUID so the new guard is exercised; added an explicit non-UUID rejection test. Full web suite now green.,p2b_web
PRC-M155,medium,app-web,Institution form lookups for type/sector/ownership are hard-coded fake UUIDs (and areas fall back to fake IDs on API failure),OPEN,apps/web/src/lib/institutions/lookups.ts (mounted),n/a,"Hard-coded nil-pattern UUID fallbacks for type/sector/ownership require backend catalogue endpoints+seeds to replace. Requires a backend/service change outside apps/web scope (this part is apps/web + UI only, no migrations).",p2b_web
PRC-M156,medium,app-web,"Student picker/label helpers put national ID into every option label and search text, capped at first 100 rows",FULLY_CLOSED,apps/web/src/lib/load-entity-labels.ts; apps/web/src/lib/load-entity-labels.test.ts,load-entity-labels.test.ts 'loadStudentDirectory omits nationalId ...' passes,loadStudentDirectory now uses toStudentOption (non-sensitive admission/roll code); nationalId never placed in label/searchText.,p2b_web
PRC-L440,low,app-web,setByPath in conflict merge allows prototype pollution via server-supplied field path,FULLY_CLOSED,apps/web/src/lib/sync/conflict.ts; apps/web/src/lib/sync/conflict.test.ts,conflict.test.ts 'ignores __proto__ ...' / 'constructor/prototype segments' pass,setByPath rejects __proto__/constructor/prototype segments and uses Object.create(null); fail-closed on unsafe paths.,p2b_web
PRC-L544,low,app-web,"Sync replay: no single-flight lock, permanent 4xx (incl. 401/403) leaves ops retrying forever, replay omits CSRF/credentials handling",OPEN,apps/web/src/lib/sync/replay.ts,n/a,"No single-flight lock / 401-403 pause / CSRF+credentials. Replay is latent (no enqueue producers outside lib/sync except the unmounted MobileAttendanceForm). navigator.locks + re-auth pause is a focused feature; deferred (low, latent).",p2b_web
PRC-M132,medium,app-web,SSR tenant theme fetch targets an endpoint no backend serves; tenant branding never on first paint,PARTIAL,apps/web/src/lib/tenant-theme/server.ts (fail-closed to DEFAULT_BRAND),n/a,"SSR theme fetch targets /tenant/theme/published which no backend serves; runs pre-auth with only a slug. Needs a public slug-addressed branding endpoint. Requires a backend/service change outside apps/web scope (this part is apps/web + UI only, no migrations). Current behaviour already fails closed to the default brand.",p2b_web
PRC-M067,medium,app-web,SSR tenant theme always falls back to the default brand: it fetches a gateway path no backend serves (self-documented),PARTIAL,apps/web/src/lib/tenant-theme/server.ts (fail-closed to DEFAULT_BRAND),n/a,"Duplicate of M132: same unserved published-theme endpoint. Requires a backend/service change outside apps/web scope (this part is apps/web + UI only, no migrations). Fail-closed to DEFAULT_BRAND is in place.",p2b_web
PRC-M616,medium,app-web,Tenant theme tokens are interpolated unescaped into an inline <style> via dangerouslySetInnerHTML,FULLY_CLOSED,apps/web/src/lib/tenant-theme/server.ts; apps/web/src/lib/tenant-theme/server.test.ts,"server.test.ts hostile-brand cases (angle brackets, colour injection, js/data URLs, login bg) pass",escapeCss now escapes </ > and newlines; colours validated vs hex/hsl/rgb allow-list; logo/favicon vs https/relative allow-list; login bg vs colour/gradient/url; fallback to default on mismatch.,p2b_web
PRC-L411,low,app-web,Server actions and hostel/institution pages have no unit tests; health e2e asserts only an H1,PARTIAL,n/a (test coverage),campus-actions-schema.test.ts pre-exists,"Remaining: action-level vitest for campus-actions/campus-ops/curriculum-actions/infrastructure-actions and a stronger health e2e; test-only, deferred. Test-coverage-only finding; adding tests here was out of scope for the time-boxed medium-first pass. No production defect; existing tested behaviour unchanged.",p2b_web
PRC-M105,medium,app-web,Checkout with no student attributes the loan to the logged-in librarian,FULLY_CLOSED,apps/web/src/app/(dashboard)/library/_components/circulation-desk.tsx; circulation-desk.test.tsx,circulation-desk.test.tsx 'requires a borrower ...' + updated checkout tests pass,Checkout now requires an explicit borrower (studentId); fails closed with a message so a loan is never attributed to the clerk by default.,p2b_web
NEW-g1b_web-001,medium,app-web,Admin notification-rules list renders permission-denied/5xx as live empty data (fail-open provenance),FULLY_CLOSED,apps/web/src/lib/api/insights-source.ts; apps/web/src/app/(dashboard)/admin/notification-rules/page.tsx; apps/web/src/lib/api/insights-source.test.ts,"insights-source.test.ts 'notification-rules provenance' (403->denied, 500->unavailable, 200->gateway) pass",listNotificationRules/Templates 403/5xx now classify denied/unavailable; mounted notification-rules page shows ScaffoldModeBanner (fail-closed combined source).,p2b_web
PRC-L244,low,app-web,Grading always sets returnToStudent:true; no way to save a grade without releasing it,PARTIAL,apps/web/src/app/(dashboard)/lms/_components/grade-submission-form.tsx (mounted),n/a,Backend already supports returnToStudent:false. Adding the draft-vs-release control needs new i18n keys. Requires appending i18n keys across 9 shared message catalogs that part p2a_web also edits; deferred to avoid shared-file conflicts.,p2b_web
PRC-L545,low,app-web,"Critical web auth/session logic is tested via re-implemented copies, not the shipped functions",PARTIAL,apps/web/src/middleware*.test.ts,pre-existing middleware tests drive real handleApiRequest/middleware,"Prior work drives the real middleware; remaining gaps (returnTo, refresh success/failure, forged token, header-tenant precedence driven through shipped helpers) overlap the forged-token/L254 verification and shared middleware; deferred. Test-coverage-only finding; adding tests here was out of scope for the time-boxed medium-first pass. No production defect; existing tested behaviour unchanged.",p2b_web
NEW-g1a_web-003,medium,app-web,Middleware tenant headers not forwarded to RSCs and SSR theme cache keyed on client X-Tenant-ID is unbounded,PARTIAL,apps/web/src/lib/tenant-theme/server.ts (cache already bounded by PR1 M066),server.cache-bound.test.ts (pre-existing) green,Theme SSR cache is already bounded (SSR_THEME_CACHE_MAX_ENTRIES=500 LRU + slug allow-list via normalizeTenantSlug) by prior work. Forwarding trusted tenant headers to RSCs via NextResponse.next({request:{headers}}) + stripping client x-tenant-* is a middleware change in a file p2a_web also edits; deferred to avoid shared-middleware conflict. Cache-exhaustion vector is already mitigated.,p2b_web
PRC-L078,low,app-web,FeatureFlagsProvider is never fed entitlements; every tenant gets hard-coded defaults,OPEN,apps/web/src/providers/FeatureFlagsProvider.tsx; AppProviders.tsx; App.tsx (SPA),n/a,"FeatureFlagsProvider never fed entitlements. AppProviders/App.tsx are part of the unmounted SPA composition; fetching tenant entitlements needs a backend /tenant/entitlements source. Unmounted SPA (features/* RootRouter is not mounted by the Next App Router). Latent/dead code; chose not to delete to avoid destabilising the shared features/ tree that live pages (scholarships/apply, legal, settings NotificationPreferences, dashboards/api types) still import. Safe fail-closed; no live-user impact. Deferred to a dedicated dead-code-removal change. Requires a backend/service change outside apps/web scope (this part is apps/web + UI only, no migrations).",p2b_web
PRC-L253,low,app-web,Service worker classifier is duplicated by hand; sw.js is untested and blocked in all Playwright runs,OPEN,apps/web/public/sw.js; playwright.config.ts,n/a,sw.js hand-mirrors pickStrategy and is untested (SW blocked in Playwright). Generating sw.js from pickStrategy or a vm test harness + a SW-enabled Playwright project is tooling work; deferred (low).,p2b_web
NEW-g1b_web-002,low,app-web,reports/dashboard forwards client-chosen ?role to the gateway for non-parent sessions,FULLY_CLOSED,apps/web/src/app/(dashboard)/reports/dashboard/page.tsx; apps/web/src/lib/dashboard/role-detection.ts,role-detection.test.ts drives the clamping role; tsc clean,?role is honoured only when it equals the session's own detected role; otherwise ignored and the session role is used (fail closed).,p2b_web
PRC-L271,low,app-web,"Dashboard role detection uses substring matching with first-match priority, misclassifying combined or custom role names",FULLY_CLOSED,apps/web/src/lib/dashboard/role-detection.ts; role-detection.test.ts,"role-detection.test.ts canonical-token cases (board-admin, super-admin, headteacher) pass",detectDashboardRole tokenises role id/name and matches whole tokens with explicit precedence; no more substring includes() misclassification.,p2b_web
PRC-L268,low,app-web,Money amounts handled as JS floats/Number in scholarship and admission-offer clients (cents used elsewhere),OPEN,apps/web/src/lib/api/scholarships.ts (mounted),n/a,"Money as JS floats with silent 0 on malformed. Moving to integer minor units/decimal strings end-to-end requires a coordinated backend contract change. Requires a backend/service change outside apps/web scope (this part is apps/web + UI only, no migrations).",p2b_web
PRC-M482,medium,app-web,"Edit-program form has no validation, free-text status, and drops/duplicates the 'Code:' stored inside description",PARTIAL,apps/web/src/app/(dashboard)/scholarships/_components/edit-program-form.tsx (mounted),n/a,"PR1 made status a select + blocks closed/archived. Remaining: raw Number(totalSlots) without a shared client zod schema and the Code: parsed-from-description hack need a real code column (backend). Requires a backend/service change outside apps/web scope (this part is apps/web + UI only, no migrations).",p2b_web
PRC-M112,medium,app-web,'New batch' button on Disbursements is dead and page copy claims PFMS reconciliation that has no implementation,FULLY_CLOSED,apps/web/src/app/(dashboard)/scholarships/disbursements/page.tsx; honesty-copy-guards.test.ts,honesty-copy-guards.test.ts PRC-M112 passes,"Removed dead ""New batch"" button and the unimplemented PFMS-reconciliation claim.",p2b_web
PRC-M140,medium,app-web,Bulk enrol resolves pasted tokens through name/search-text tokens - ambiguous tokens enrol the wrong student silently,FULLY_CLOSED,apps/web/src/components/timetable/section-roster-controls.tsx; .test.tsx,section-roster-controls.test.tsx 'blocks an ambiguous token' passes,Bulk enrol builds token->ids sets and flags ambiguous tokens (>1 match) instead of silently enrolling the last match.,p2b_web
PRC-M141,medium,app-web,Roster forms call event.currentTarget.reset() after await (null) and Withdraw ignores action failure,FULLY_CLOSED,apps/web/src/components/timetable/section-roster-controls.tsx; .test.tsx,section-roster-controls.test.tsx enrol reset+refresh + bulk success cases pass,Enrol/bulk-enrol capture the form node before the async transition; reset()+router.refresh() now run (was event.currentTarget.reset() on null).,p2b_web
PRC-L539,low,app-web,"Dashboard role routing uses roles absent from the Keycloak realm export (student, parent, board-admin)",OPEN,features/* (unmounted SPA),n/a,"Unmounted SPA (features/* RootRouter is not mounted by the Next App Router). Latent/dead code; chose not to delete to avoid destabilising the shared features/ tree that live pages (scholarships/apply, legal, settings NotificationPreferences, dashboards/api types) still import. Safe fail-closed; no live-user impact. Deferred to a dedicated dead-code-removal change.",p2b_web
PRC-L048,low,app-web,"Staff profile presents customData JSON (leaveBalance, serviceHistory) as authoritative and hard-codes dead workload/score scaling",PARTIAL,apps/web/src/app/(dashboard)/staff/[id]/page.tsx (mounted),n/a,"PR1 validated serviceHistory. Remaining: leave balance still read from customData not the leave ledger, and appraisal score scaling hard-coded /5 — both need the leave-ledger + appraisal-scale backend sources. Requires a backend/service change outside apps/web scope (this part is apps/web + UI only, no migrations).",p2b_web
PRC-M122,medium,app-web,"Payroll page copy says deductions are a placeholder of 0, but the backend deducts unpaid absence",FULLY_CLOSED,apps/web/src/app/(dashboard)/staff/_components/payroll-export-panel.tsx; honesty-copy-guards.test.ts,honesty-copy-guards.test.ts PRC-M122 passes,"Removed the ""Deductions are a placeholder (0)"" copy that contradicted the real gross/deductions/net columns.",p2b_web
PRC-L056,low,app-web,Leave decisions and transcript issue lack key context; status shown as plain text only,PARTIAL,apps/web/src/app/(dashboard)/staff/leaves/_components/leave-decision-buttons.tsx (mounted),n/a,PR1 added aria-labels + confirm dialog. Remaining: show day-count/remaining balance in the queue and a reject-reason confirmation; needs leave-balance data wiring + a reason field. Deferred.,p2b_web
PRC-L055,low,app-web,"/staff/new promises employee-ID generation, BEO routing and school posting that the code does not do",FULLY_CLOSED,apps/web/src/app/(dashboard)/staff/new/page.tsx; app/(dashboard)/honesty-copy-guards.test.ts,honesty-copy-guards.test.ts PRC-L055 passes,"Removed the unsupported ""employee ID generated on save / routed to BEO for verification"" claim from the mounted staff/new page.",p2b_web
PRC-L054,low,app-web,"Student profile KPIs and 'Recent assessments' read free-form customData, with every grade badged green",PARTIAL,apps/web/src/app/(dashboard)/students/[id]/page.tsx (mounted),n/a,PR1 moved avgScore/fee status to real sources. Remaining: grade badge renders constant success variant and attendance threshold hard-coded; needs pass/fail-driven badge logic. Deferred (low).,p2b_web
PRC-M121,medium,app-web,Health and discipline data appear on the general student profile for any role with student read,OPEN,apps/web/src/app/(dashboard)/students/[id]/page.tsx (mounted),n/a,"Health/Discipline PHI gating by permission, teacher section-scoping and PHI-read audit need server RBAC/permission catalogue + audit emission; cross-cutting and partly backend. Not safely closable in this pass without risking fail-open; left OPEN with explicit reason.",p2b_web
PRC-L247,low,app-web,Student list and bulk-graduate fan out one API call per student with no failure isolation,ALREADY_FIXED,apps/web/src/app/(dashboard)/students/actions.ts; _components/load-student-placement.ts,"bulk-graduate.test.ts (bounded concurrency, failure isolation) pass",Failure isolation + bounded concurrency (LOOKUP_CONCURRENCY) already implemented and tested by prior work; verified bulk-graduate.test.ts green.,p2b_web
PRC-M128,medium,app-web,Student list shows 'Enrolled' for everyone; real enrollment status is fetched but ignored,FULLY_CLOSED,apps/web/src/app/(dashboard)/students/page.tsx; _components/load-student-placement.ts; _components/enrollment-status.test.ts,enrollment-status.test.ts (deriveEnrollmentStatus/canGraduateFromEnrollment) pass,"Status pill and graduate eligibility derived from the real active enrollment; no active enrollment -> NOT_ENROLLED, cannot graduate.",p2b_web
PRC-M129,medium,app-web,Student Records page truncates to 100 students and shows generic 'Student' for others; transcripts/jobs unpaginated,OPEN,apps/web/src/app/(dashboard)/students/records/page.tsx (mounted),n/a,"Server-side searchable combobox + paginated transcripts/jobs is a sizable feature needing backend search/pagination support. Requires a backend/service change outside apps/web scope (this part is apps/web + UI only, no migrations).",p2b_web
PRC-L409,low,app-web,SSR theme CSS interpolates primary/accent/logo/favicon/login-bg into an inline <style> without output encoding,FULLY_CLOSED,apps/web/src/lib/tenant-theme/server.ts; apps/web/src/lib/tenant-theme/server.test.ts,"server.test.ts 'rejects a colour that tries to inject', 'rejects javascript:/data: URLs', 'rejects login background breakout' pass",primary/accent/logo/favicon/loginBackground now allow-list validated + encoded before the SSR inline <style>; same fix as M616.,p2b_web
PRC-M130,medium,app-web,Transport bus attendance: trip not loaded on mark; one student per submit with no assignment/stop validation in UI,OPEN,apps/web/src/app/(dashboard)/transport/_components/attendance-panel.tsx (mounted),n/a,Requires in-panel route/date/direction GET filters + assignment filtering + future-date restriction; a non-trivial feature build. Deferred (medium-first time box); no fail-open introduced.,p2b_web
PRC-L059,low,app-web,Transport fee form: client-only distance-band and amount validation; currency hard-coded to INR,OPEN,apps/web/src/app/(dashboard)/transport/_components/fees-panel.tsx (mounted),n/a,"Currency hard-coded INR and client-only band validation. Sourcing currency from tenant settings needs tenant-config wiring; refine max>=min is small but tied to the same change. Requires a backend/service change outside apps/web scope (this part is apps/web + UI only, no migrations).",p2b_web
PRC-L441,low,app-web,Vite config carries a `test` block (node env) that conflicts with vitest.config.ts (jsdom); Vite build tooling for a Next app,OPEN,apps/web/vite.config.ts,n/a,"Legacy vite.config.ts test block conflicts with vitest.config.ts. Editing build tooling config is low-risk but orthogonal to the gap set and risks the Vite/Next tooling; deferred (low) — no runtime impact (Next app uses next build, tests use vitest.config.ts).",p2b_web
PRC-L195,low,ui-bulk-import,Hard-coded English UI strings across packages/ui widgets despite platform i18n/RTL support,OPEN,"packages/ui/bulk-import, data-grid, file-upload, area-picker, dashboards",n/a,"Hard-coded English strings across ui widgets; needs a labels prop or shared i18n hook across packages — a cross-package i18n introduction, larger than this pass (low).",p2b_web
PRC-M455,medium,ui-bulk-import,"BulkImport preview/valid-row count go stale when the user edits column mappings; import callback cannot honour ""Import N Valid Rows""",OPEN,packages/ui/bulk-import/src/BulkImport.tsx,n/a,"Preview/valid-row count go stale after remap; needs re-run of onFileValidate(file,mappings) before import and server re-validation / skipInvalid token — a behavioural change touching the import contract. Deferred (the one live consumer ignores mappings, so impact is latent).",p2b_web
PRC-L393,low,ui-bulk-import,BulkImport returns to Preview on failure with the same Import button and no idempotency/import id,OPEN,packages/ui/bulk-import/src/BulkImport.tsx,n/a,No per-file importId/idempotency passed to onImportConfirm; retry can re-submit. Needs an importId contract change through the consumer; deferred (low).,p2b_web
PRC-L595,low,ui-dashboards,ActionItemList renders item.href into <a> without scheme allow-list,FULLY_CLOSED,packages/ui/dashboards/src/ActionItemList.tsx; ActionItemList.test.tsx,ActionItemList.test.tsx isSafeHref + href-safety cases pass,item.href rendered as a link only when safe (relative/#/?/http(s)); javascript:/data:/protocol-relative rejected.,p2b_web
PRC-L594,low,ui-dashboards,"MapDrillDown is a placeholder stub exported as a dashboard widget and shows ""Map placeholder"" text to end users",OPEN,packages/ui/dashboards/src/MapDrillDown.tsx,n/a,"MapDrillDown is a placeholder stub exported as a widget (no app consumer). Implementing a GeoJSON choropleth is a feature; gating/removing from public exports risks the package API. Deferred (low, latent).",p2b_web
PRC-M456,medium,ui-dashboards,RadarComparison coerces missing metric values to 0,FULLY_CLOSED,packages/ui/dashboards/src/RadarComparison.tsx; RadarComparison.test.tsx,RadarComparison.test.tsx buildRadarRows null-vs-0 cases pass,Missing metric -> null (not 0) with connectNulls; real 0 kept distinct from missing.,p2b_web
PRC-L596,low,ui-dashboards,"WelcomeBanner reads new Date()/toLocaleDateString(undefined) during render: SSR hydration mismatch and greeting bug (00:00-04:59 = ""Good evening"")",OPEN,packages/ui/dashboards/src/WelcomeBanner.tsx,n/a,"new Date()/toLocaleDateString(undefined) in render (SSR hydration risk) and 00:00-04:59 greeting bug. No app consumer (latent). Compute in useEffect / accept tenant tz-locale props — deferred (low, latent).",p2b_web
PRC-L513,low,ui-data-grid,"DataGrid ids are hard-coded (page-size-select, filter-<col>) and sort button label loses column name once sorted",OPEN,packages/ui/data-grid/src/DataGrid.tsx,n/a,"Hard-coded ids and sort-button label-loses-column not re-verified/fixed; deferred (low), needs id-prop + aria-label refactor.",p2b_web
PRC-L201,low,ui-file-upload,FileUpload props carry only client-side validation (accept/maxSize) with no server-verification contract; onFilesSelected has no async/result or scan status,OPEN,packages/ui/file-upload,n/a,onFilesSelected has no async/scan-status contract. Adding a server-verification/scan-status contract is an API change to the component + consumers; deferred (low).,p2b_web
PRC-L200,low,ui-file-upload,FileUpload/BulkImport type checks rely on file name extension and client MIME only (no server-trust note),OPEN,packages/ui/file-upload,n/a,Client extension/MIME trust; a server-trust note/contract is unconfirmed. Same component-API change as L201; deferred (low).,p2b_web
PRC-L520,low,ui-form-builder,"form-builder, language-switcher, notification-bell, motion-gate have no styles and no consumers in the repo",OPEN,"packages/ui/{form-builder,language-switcher,notification-bell,motion-gate}",n/a,Unused scaffolding with no styles/consumers. Shipping CSS and wiring into an app is a feature/integration task; deferred (low).,p2b_web
PRC-L597,low,ui-form-builder,"Vitest configs for UI packages: no coverage thresholds and no jest-axe/a11y test dependency, while components claim WCAG AA",PARTIAL,packages/ui/form-builder (a11y test pre-exists),FormBuilder.a11y.test.tsx pre-exists,Remaining: coverage thresholds in the 5 widget-package vitest configs + jest/vitest-axe dependency in file-upload/language-switcher/motion-gate/notification-bell. Config/dep work across packages; deferred. Test-coverage-only finding; adding tests here was out of scope for the time-boxed medium-first pass. No production defect; existing tested behaviour unchanged.,p2b_web
PRC-M637,medium,ui-form-builder,FormBuilder declares multiselect/file/date/datetime/hidden types but renders them as <input type=...> fallback,OPEN,packages/ui/form-builder/src/FormBuilder.tsx,n/a,multiselect/datetime/hidden render as plain input fallback. Implementing explicit cases or trimming FieldType is a component feature; no app consumer (latent). Deferred.,p2b_web
